borough,medicaid,self_pay,other_insurance,not_stated,total
New York State,3070.65868263473,266.3101604278075,96.87455128511942,307.46644295302013,2971.74273355702
New York City,2489.167569369219,113.62068965517241,50.18963337547409,676.6467065868263,2219.9186905344714
Bronx,2047.2753007784856,162.57668711656441,31.333136269583207,667.5257731958762,1604.314720812183
Brooklyn,3484.339190221543,115.68123393316196,50.817103201253644,485.7142857142857,2843.2893120393123
Manhattan,1411.7111650485438,31.963470319634702,15.907252628740899,1734.375,1860.494392309453
Queens,2447.0920206928986,158.75081327260898,29.41956003180493,284.1328413284133,2243.482620320856
Staten_Island,3086.471408647141,137.75510204081633,596.3114754098361,466.6666666666667,3628.9308176100626
